,Total_Explained_Variance,Top_1_Explained_Variance,Top_1_iModulon,Top_2_Explained_Variance,Top_2_iModulon,Top_3_Explained_Variance,Top_3_iModulon,num_regulators,num_iM,MAD,log_TPM_median,range_log_tpm,quantile_range_log_tpm,Variance_Category,Expression_Category,Combined_Category
nhaA,0.6567326186821407,0.2967668996849461,UC-8,0.1466213341560686,GadXW,0.0986231808408971,RpoS,3,0,0.4423221340000012,5.930505067,6.769833182750001,2.5210882089999997,Medium Variance,Medium Expression,Medium Variance - Medium Expression
caiE,0.3511964108191481,0.0972849179913422,Cellulose,0.0935295246557882,Membrane,0.0632372218504414,Translation,3,0,0.492850888,1.775819774,4.214724296,2.3734941831633907,Medium Variance,Low Expression,Medium Variance - Low Expression
caiA,0.6872308148696361,0.1143131341328398,Microaerobic,0.1060122624445215,Isc System,0.0777935623634105,NrdR,3,0,0.4236771416381337,3.6331426033618666,4.135539956,1.9722154799968723,Medium Variance,Low Expression,Medium Variance - Low Expression
fixX,0.0161481310411519,0.0701348333315892,UC-2,0.0366209385827639,Efflux Pump,0.0334547811471913,LPS,2,1,0.4525033259276791,1.06728129509284,4.073628436750662,2.146698676864916,Medium Variance,Low Expression,Medium Variance - Low Expression
rapA,0.6126879282258109,0.1851941065057648,Nucleotide Stress,0.12880043021997,ppGpp,0.0937696329391116,UC-5,2,0,0.5006756320000001,5.664118725,6.430956925,2.2248276103999998,Medium Variance,Medium Expression,Medium Variance - Medium Expression
araC,0.6246134554030072,0.1620026141623396,ppGpp,0.1528394064920391,Crp-1,0.1389550300639365,Acetate,4,0,0.5415925679999996,5.493642905,8.461569596,3.926071720599999,Medium Variance,Medium Expression,Medium Variance - Medium Expression
leuO,0.6001337238233345,0.2376794831868522,Cellulose,0.1926189689028692,ppGpp,0.0649027302813041,Leucine,7,1,0.4717442730000001,2.9632691510000004,5.970998304663258,2.3712597106015973,Medium Variance,Low Expression,Medium Variance - Low Expression
ftsL,0.2564517329067954,0.1207128565325891,UC-2,0.0752398340306823,FlhDC-2,0.0710081286774734,LPS,3,1,0.4097086769999984,6.757148003999999,6.369754069610672,2.0752738182152832,Medium Variance,Medium Expression,Medium Variance - Medium Expression
pdhR,0.4731481303063005,0.1035317539460006,UC-6,0.0996101963915652,N Reduction,0.087792007940781,Fnr-1,8,5,0.666754280000001,7.61579903,10.35261226,3.7091535965999993,Medium Variance,Medium Expression,Medium Variance - Medium Expression
aceE,0.4963199665080707,0.198045640818811,Pyruvate-1,0.0999049710745089,Tryptophanase,0.0941986597034209,cyoB/ndh/nuoB KO-2,6,2,0.5148089409895444,10.14146979,9.902395441134129,2.565130109292696,Medium Variance,Medium Expression,Medium Variance - Medium Expression
aceF,0.4456953852483492,0.1951023200298866,Pyruvate-1,0.1237768259325228,Tryptophanase,0.0969598993887809,cyoB/ndh/nuoB KO-2,6,1,0.546030558,9.732490007,9.585841851,2.691516074799999,Medium Variance,Medium Expression,Medium Variance - Medium Expression
htrE,0.4955826086119731,0.2935046825028745,Cellulose,0.070710487016922,gcvB,0.0343733957052979,SoxS,4,0,0.4054044794404416,1.5830873645595582,3.733305470011509,1.8497128638645253,Medium Variance,Low Expression,Medium Variance - Low Expression
erpA,0.6937065133422937,0.2990011292474152,Isc System,0.2011252607212164,Fnr-2,0.1021206740974868,Fnr-3,3,0,0.476251945214587,8.644070584785412,8.69907544404564,3.0041726026179845,Medium Variance,Medium Expression,Medium Variance - Medium Expression
yadS,0.5430466050873161,0.3755715117700262,ppGpp,0.1504037946157496,UC-8,0.1047873242641692,pts ALE,2,0,0.5332883820000003,4.475358011,4.285322761,2.3167778036221054,Medium Variance,Low Expression,Medium Variance - Low Expression
pdeL,0.5406471947937356,0.2343731272680546,minicoli KOs,0.1561319487415639,Cellulose,0.1039557586183463,Membrane,2,2,0.7687983539760785,4.018712477,9.481359788,4.245383834903121,Medium Variance,Low Expression,Medium Variance - Low Expression
cynT,0.4072140657840774,0.1274647029891338,Curli-1,0.1224312448524177,Putrescine,0.1058635831376652,Glutamine,3,0,0.4889996916595738,2.0905226247249247,5.621958508789367,2.7616654920418737,Medium Variance,Low Expression,Medium Variance - Low Expression
cynS,0.4144404893753818,0.2250370854095114,minicoli KOs,0.1018629766169189,Putrescine,0.1009238017537618,RpoS,2,0,0.5217573749760915,3.0607805820239085,6.507968860501281,2.8489082805613823,Medium Variance,Low Expression,Medium Variance - Low Expression
cynX,0.1463663166004928,0.0951401560683394,Putrescine,0.0674754997991173,Curli-1,0.0579335000188798,Nucleotide Stress,2,0,0.4190968123894232,1.9253535786105769,4.69268585,2.2328367708763865,Medium Variance,Low Expression,Medium Variance - Low Expression
lacA,0.4447129954284897,0.2700642659307356,Cellulose,0.1081278706470491,UC-7,0.1028407309840232,Galactose,5,1,0.4707633324654829,2.440082227,5.421166508,2.7556024029745148,Medium Variance,Low Expression,Medium Variance - Low Expression
mhpA,0.4696642564488593,0.1528917275210888,ArcA,0.1050804766080675,Putrescine,0.0842383124258099,Phosphate-2,3,0,0.469800279,1.211463325,3.741607395,2.06953104025615,Medium Variance,Low Expression,Medium Variance - Low Expression
mhpB,0.3579543589945632,0.1683581973953282,Fatty Acid,0.1108819691713521,Putrescine,0.0883433181318474,Glutarate,3,0,0.4375867731444753,1.145370422,4.26537186,2.017400692011143,Medium Variance,Low Expression,Medium Variance - Low Expression
tauD,0.6320420558168502,0.5712648049215159,Sulfate,0.0532949922552327,ppGpp,0.0400983499861009,UC-2,2,1,0.4147297885635446,2.6562815815635448,11.69694646,2.3422016216,Medium Variance,Low Expression,Medium Variance - Low Expression
hupB,0.3845660174234965,0.0763187294827857,UC-3,0.0561375054830713,FDH-O,0.0492722792645275,Suf System,3,0,0.4159098500000002,11.23767079,11.158157165181166,2.250776880314966,Medium Variance,High Expression,Medium Variance - High Expression
hha,0.6175527200032789,0.1760489922941233,Cellulose,0.1402251143899591,CpxR,0.1321674246740733,LPS,3,3,0.6147092870000002,8.968997087,9.306103489797438,2.8838174476,Medium Variance,Medium Expression,Medium Variance - Medium Expression
acrR,0.6583023031967319,0.1183912688475387,UC-8,0.1152545541020201,UC-7,0.0685068415548431,SSW SNPs,2,1,0.4257114740555305,5.151618073906856,5.381739828000001,2.5135414433999994,Medium Variance,Medium Expression,Medium Variance - Medium Expression
copA,0.6316823508391591,0.3259987032990631,Copper,0.0609044928191321,Tryptophanase,0.0590920135153238,NtrC-1,2,3,0.8464251360000006,7.828568119,10.365161342,4.695902592504239,Medium Variance,Medium Expression,Medium Variance - Medium Expression
glxK,0.6377466996252077,0.1443284724291227,RpoS,0.1161619807178583,FucR/AllR/AraC,0.1146975570073618,UC-1,2,1,0.4794056190315694,2.482310416,6.2659847420000006,2.4922112027315846,Medium Variance,Low Expression,Medium Variance - Low Expression
chiQ,0.3327815424356893,0.08057369807684,Cold Shock,0.0546173414366994,ppGpp,0.0514734310078232,Arginine,2,2,0.4659306505293785,2.73124939356688,8.314820667000001,2.2675506502,Medium Variance,Low Expression,Medium Variance - Low Expression
kdpC,0.6725974344293579,0.5258824038612758,Potassium,0.1151136001707359,Cold Shock,0.0862925284269442,Biotin,2,1,0.525099942995833,3.539558321995833,10.718155793,2.521114852956768,Medium Variance,Low Expression,Medium Variance - Low Expression
sucA,0.571305833222015,0.147336722628166,NDH-1,0.1345460575090163,ArcA,0.0975914023410247,Crp-2,8,0,0.7739242799999992,8.734154286,7.579519316695996,3.819107226243202,Medium Variance,Medium Expression,Medium Variance - Medium Expression
sucB,0.5263801421363176,0.1864987975681922,NDH-1,0.0657444765771306,Crp-2,0.0627094926249414,ArcA,5,0,0.6583158510000011,9.365131619,8.51699909868243,3.456665043472074,Medium Variance,Medium Expression,Medium Variance - Medium Expression
sucC,0.5732232021196229,0.1762062127667163,NDH-1,0.0950746887670611,Crp-2,0.0905414932220175,UC-3,5,0,0.7017950230000007,9.486547947,8.250832424963892,3.7654995394,Medium Variance,Medium Expression,Medium Variance - Medium Expression
sucD,0.6016977068503555,0.1807968453916913,NDH-1,0.1181022489245579,UC-3,0.1031081906808062,Crp-2,5,0,0.7432742829999999,9.648673227,8.582841050623044,3.678928949677182,Medium Variance,Medium Expression,Medium Variance - Medium Expression
cydA,0.6432143006830268,0.3621454061183147,ArcA,0.2783623253033199,Fnr-1,0.1221839327621017,ppGpp,6,2,0.7242409237394956,8.284033663999999,9.241053158044023,3.745442467059119,Medium Variance,Medium Expression,Medium Variance - Medium Expression
gpmA,0.6235801558638818,0.2569183508427199,yjjZ,0.1393354737248775,Cold Shock,0.1274731081406973,Suf System,4,0,0.4593539299999989,10.30628661,10.012747263399104,2.640822997174288,Medium Variance,High Expression,Medium Variance - High Expression
galK,0.6587674427144139,0.4675418533476648,Galactose,0.0927254612824085,LPS,0.0684808861841979,Acetate,7,2,0.4889018160000002,6.177412165,7.661742353249999,2.393795441399999,Medium Variance,Medium Expression,Medium Variance - Medium Expression
uvrB,0.602274224336794,0.1136573451197516,DNA Damage,0.1065521771109067,ppGpp,0.0780958228835073,minicoli KOs,3,1,0.4490502829999991,6.374664216,6.262162614353505,2.219168514399997,Medium Variance,Medium Expression,Medium Variance - Medium Expression
moaA,0.4771913756967693,0.0855019521107692,Molybdenum,0.0739141164292355,Fnr-2,0.0700670114913372,FDH-N/NRA,3,0,0.4051001951029391,7.379864165102939,7.169977925000001,2.502640742999997,Medium Variance,Medium Expression,Medium Variance - Medium Expression
moaB,0.3263961166165235,0.143446957281091,Cold Shock,0.0534049243665973,ppGpp,0.0447117008113482,Methionine,3,0,0.6247541480000001,7.902999228,6.849959017510198,3.7087381922569103,Medium Variance,Medium Expression,Medium Variance - Medium Expression
moaC,0.2829909305843834,0.0956597644516332,Thiamine-1,0.0690618581576174,Cold Shock,0.0509174337145614,gcvB,3,0,0.6403958458043624,7.290613109,6.843082403511502,3.2021794231084098,Medium Variance,Medium Expression,Medium Variance - Medium Expression
moaD,0.1430128462336444,0.0832592506697271,Thiamine-1,0.0683921730342035,FlhDC-2,0.0568990935464956,Methionine,3,0,0.5595964490000007,6.590751612,6.447945549841203,2.944410311677688,Medium Variance,Medium Expression,Medium Variance - Medium Expression
moaE,0.3864924782311514,0.1383970810714696,Thiamine-1,0.0869109375384037,Cold Shock,0.086624511053211,UC-2,3,0,0.664553800191297,6.971071783191296,6.371520725735294,3.092560533482823,Medium Variance,Medium Expression,Medium Variance - Medium Expression
ybiJ,0.6773894056617774,0.35361791264461,crp KO-1,0.2701248922109555,minicoli KOs,0.1236438167959204,UC-7,2,2,0.7200352739999998,5.891541751,13.47563199,3.8573914152,Medium Variance,Medium Expression,Medium Variance - Medium Expression
ompX,0.5866600182933173,0.3058546030864869,crp KO-1,0.2055495036504558,Crp-2,0.1936791567384405,Maltose,3,0,0.5444102599999994,11.60208776,10.949402381911854,2.827110172664703,Medium Variance,High Expression,Medium Variance - High Expression
ssuB,0.6380494149242932,0.2130448943720423,Sulfate,0.1376925728467011,UC-1,0.1129679690804521,RpoS,4,1,0.4216989239999997,2.883914677,8.44699525,2.312239914578549,Medium Variance,Low Expression,Medium Variance - Low Expression
ssuE,0.6451750748458553,0.5514664910045065,Sulfate,0.0893887685828269,Cold Shock,0.0522830471512094,SSW SNPs,5,2,0.4673425059999998,1.419307354,9.790575593,2.4928771843409234,Medium Variance,Low Expression,Medium Variance - Low Expression
fabA,0.5478467697452472,0.2950032044274568,ppGpp,0.1096049384466033,Fnr-2,0.0967076607172281,Purine,2,1,0.5371570565245882,9.667226433475411,9.411328837517164,2.470605293786269,Medium Variance,Medium Expression,Medium Variance - Medium Expression
yccA,0.6310607531287049,0.3058395401290014,CpxR,0.055622591683185,Glutarate,0.0437911878990132,Acetate,2,2,0.4351966069999999,9.474329107,9.173770685899886,2.5266683194800903,Medium Variance,Medium Expression,Medium Variance - Medium Expression
hyaD,0.6417725322191777,0.530906574998786,Microaerobic,0.1224562243094835,GadX,0.0990017001776463,Cold Shock,5,1,0.4509859089999999,2.518190086,8.331691259,2.4590748371999984,Medium Variance,Low Expression,Medium Variance - Low Expression
hyaE,0.4185288378347463,0.4970574640464739,Microaerobic,0.0686866958726191,Glutarate,0.0618962444841856,LPS,4,1,0.5078764259999997,2.1401438930000003,8.61791289,2.5593679192059184,Medium Variance,Low Expression,Medium Variance - Low Expression
putA,0.5792718735038895,0.2764891973595823,minicoli KOs,0.1538482684495983,PaaX,0.1247275596651499,Glutamine,4,1,0.594665,4.579074991000001,9.942160773,3.855813714725546,Medium Variance,Low Expression,Medium Variance - Low Expression
pgaD,0.3488210007525026,0.1411151866697793,Cellulose,0.0819331566032981,UC-7,0.0704298254800105,efeU Activation,2,0,0.5814532769999996,2.634396714,5.753631874,3.018056476818283,Medium Variance,Low Expression,Medium Variance - Low Expression
pgaC,0.5577921504281071,0.1510627272448875,Membrane,0.1365996820295993,Cellulose,0.0574823757629944,Fimbriae,2,0,0.487362491,1.504641954,4.5414754385002585,2.425293381986372,Medium Variance,Low Expression,Medium Variance - Low Expression
pgaB,0.5714184481682644,0.2117173203190543,Cellulose,0.123759007784197,Membrane,0.0612714958159296,UC-7,2,0,0.4277694380000001,1.432973736,4.697347799999998,2.0304536551999988,Medium Variance,Low Expression,Medium Variance - Low Expression
pgaA,0.507493440363348,0.2283245721380772,Cellulose,0.1554692189290967,Membrane,0.0760837672730934,Translation,3,0,0.5987232186387232,2.142877613,5.39452966,2.7412304207109788,Medium Variance,Low Expression,Medium Variance - Low Expression
dinI,0.6512143137398418,0.1852498687254663,Purine,0.118454872191635,Pyrimidine,0.1063480092816966,UC-1,2,1,0.6765539970000018,6.595937584,5.790527295931702,3.6190062240693184,Medium Variance,Medium Expression,Medium Variance - Medium Expression
acpP,0.6766615347299472,0.124143469757989,nquinone ALE 3,0.1077459801486834,UC-2,0.0947879072137447,UC-6,3,0,0.5291034900000007,13.16017641,13.03810599960616,2.833732866002165,Medium Variance,High Expression,Medium Variance - High Expression
umuD,0.4888680603753192,0.3326367018557212,DNA Damage,0.1312172151049202,Crp-2,0.102048143937116,Glutamine,2,1,0.4199894592198201,3.72926294378018,5.483576134245493,2.6421200507999982,Medium Variance,Low Expression,Medium Variance - Low Expression
ychF,0.6390272738377455,0.3145758822154573,ppGpp,0.0849159038675568,Fnr-1,0.0794011495647801,Purine,2,0,0.536605487929446,7.5221388168697585,6.521405569866663,2.234042637154096,Medium Variance,Medium Expression,Medium Variance - Medium Expression
prs,0.6962598230560457,0.2897790882142953,ppGpp,0.1913247250610058,Purine,0.130324523854952,Fnr-1,2,0,0.4341485701618683,9.442627421,8.517607674001061,2.6280983184655358,Medium Variance,Medium Expression,Medium Variance - Medium Expression
ychQ,0.4173729222230291,0.1598986939907004,UC-5,0.0608431419885254,Nucleotide Stress,0.0602210435233493,Thiamine-2,2,0,0.5057343020000005,5.148867272,5.249452873514882,2.168990593951464,Medium Variance,Medium Expression,Medium Variance - Medium Expression
narL,0.4605966122447856,0.2448894124920509,Cold Shock,0.1448318492253925,UC-2,0.1270218683418132,Glutarate,2,0,0.4771080750000003,6.590999481,5.640600160108479,2.7199277739132164,Medium Variance,Medium Expression,Medium Variance - Medium Expression
yciE,0.6746980065798579,0.1496656399222055,Glyoxylate,0.1198075286157036,UC-8,0.1048120647353301,GadXW,2,1,0.8778594159999997,4.625317717,11.34416283,4.4358537104798845,Medium Variance,Low Expression,Medium Variance - Low Expression
ompN,0.6494920436565683,0.3308576979268263,SoxS,0.0606337953228367,ROS TALE Del-1,0.0450565611216038,NDH-1,2,1,0.4191048719999999,1.50470531,8.676838695,3.4338050765741333,Medium Variance,Low Expression,Medium Variance - Low Expression
paaB,0.4818438504382984,0.471421508300745,PaaX,0.0761245271071324,Acetate,0.0485537578470485,Galactose,6,2,0.5288215763385453,1.331342603,10.31772395,2.6585399146140145,Medium Variance,Low Expression,Medium Variance - Low Expression
paaD,0.6048170694395347,0.5559585511900722,PaaX,0.0575443076782756,PAL 10 Del,0.0559238931217789,ppGpp,6,1,0.4436596124990942,1.357576048,9.491649027,2.5422574392,Medium Variance,Low Expression,Medium Variance - Low Expression
paaG,0.3373589050322709,0.3351883647335435,PaaX,0.1771578375588155,PAL 10 Del,0.1066571746613475,ROS TALE Del-1,6,1,0.4204011789999999,1.373055425,5.892889593,2.1924639471999985,Medium Variance,Low Expression,Medium Variance - Low Expression
paaI,0.5995531478877554,0.3296510775671633,PAL 10 Del,0.1561791067376832,UC-7,0.1225385565180487,PaaX,6,1,0.4270985501205624,2.343634661,4.6316657160000005,2.2282524240374326,Medium Variance,Low Expression,Medium Variance - Low Expression
yddG,0.5698156790388862,0.1228647604627718,UC-8,0.0866205333149371,Cold Shock,0.0572802192993284,Leucine,2,1,0.4540497500000002,4.529247321000001,5.352964205201598,2.9257683903473706,Medium Variance,Low Expression,Medium Variance - Low Expression
safA,0.4096994100136263,0.4687236943642113,EvgA,0.0400414297603273,LPS,0.0224052338268689,pts ALE,4,1,0.497269614,0.497269614,5.595590477999999,1.958069413303984,Medium Variance,Low Expression,Medium Variance - Low Expression
ydeP,0.6929497921090214,0.5124108828756675,EvgA,0.0847096984454501,PAL 10 Del,0.0489570527725773,Curli-1,8,1,0.4782102749999999,2.797158639,7.475692264,2.471713446685705,Medium Variance,Low Expression,Medium Variance - Low Expression
ydfW,0.6631506863454071,0.3971112171061051,ydfW,0.0463984497873987,IS Elements-1,0.0393657254888178,UC-7,2,1,0.573595495035002,1.836985905035002,4.492647608,3.0378997498,Medium Variance,Low Expression,Medium Variance - Low Expression
ydfX,0.3243195802307279,0.078276905060759,NDH-1,0.075891365342764,IS Elements-1,0.0734824769558601,ydaG,2,0,0.5000956850000002,1.8778411,4.084352553,2.942935041599999,Medium Variance,Low Expression,Medium Variance - Low Expression
dicC,-0.08127380478425,0.0372168373156397,NO Stress,0.0334220310337485,ypjJ,0.0334139769616749,cyoB/kdpE/qseB KO,2,0,0.5595184310700654,1.4113020408862187,4.075343102128758,2.708203928591962,Medium Variance,Low Expression,Medium Variance - Low Expression
rspA,0.6995616757933719,0.4202381793432743,UC-9,0.1374367414918699,Acetate,0.0901377329111102,Crp-2,2,1,0.6166721618321362,1.764118927167864,8.262450247,3.191581036967153,Medium Variance,Low Expression,Medium Variance - Low Expression
malX,0.6548351415117638,0.3284013286202563,Crp-1,0.1338785783432813,Crp-2,0.1267918956179416,Tryptophanase,3,0,0.4789518814968523,2.953019129,4.752343062,2.40848713054783,Medium Variance,Low Expression,Medium Variance - Low Expression
dtpA,0.688184022090111,0.3814732176443495,Lrp,0.1386561104656104,ArcA,0.1058611425202538,Glycolate,4,2,0.5715717337077013,4.177652308,6.54907218,4.280125191236555,Medium Variance,Low Expression,Medium Variance - Low Expression
lhr,0.4751164330403307,0.1571251300605454,Nucleotide Stress,0.0621381778782083,Osmoprotectant,0.0589412853883788,NtrC-1,2,0,0.4452743943958017,3.777269555,4.175000808,1.8964942967999996,Medium Variance,Low Expression,Medium Variance - Low Expression
ydhT,0.0378762530771062,0.1247557572705126,ppGpp,0.0961661787416713,Oxidoreductase,0.0473990109890943,Cytochrome c,4,0,0.4180718919999999,2.39546585,4.448470109,2.05179868278447,Medium Variance,Low Expression,Medium Variance - Low Expression
ydhX,0.4838893971285546,0.1654023018254292,Oxidoreductase,0.1594124613638254,Fur-2,0.120173562573509,ppGpp,3,0,0.4330000729999999,2.29873652,6.377672264,2.487920313233412,Medium Variance,Low Expression,Medium Variance - Low Expression
lpp,0.4712840293483322,0.4424028584284092,Resistance,0.0392928947203562,Galactose,0.0392045286612664,ldrC,2,1,0.5500245195667741,14.838650830433226,14.818408822499997,2.6090488039999986,Medium Variance,High Expression,Medium Variance - High Expression
aroD,0.6232410903484098,0.1302142638800832,Leucine,0.1056347922820876,UC-8,0.0656083217453937,UC-2,2,0,0.4308031869999995,6.079269116,5.377028771999999,2.465908219040011,Medium Variance,Medium Expression,Medium Variance - Medium Expression
aroH,0.6518001480793665,0.3185804867096112,Tryptophan,0.2091393123449093,Tyr/Trp/Phe,0.1447173730556035,UC-8,2,2,0.615526193502979,6.938336148497021,6.169244040050833,3.020504451612684,Medium Variance,Medium Expression,Medium Variance - Medium Expression
chbC,0.523060586097871,0.1519366930586243,Acetate,0.0935262598763069,GlcNAc,0.0695175033382136,Nitrogen,3,1,0.5645726309999999,2.801202234,6.140561986,2.534536949149971,Medium Variance,Low Expression,Medium Variance - Low Expression
chbB,0.4098803412621994,0.1144012127468081,UC-3,0.1079382294378272,Crp-1,0.1043014403718246,GlcNAc,3,1,0.4667536481107968,5.604086005722419,5.853346317604732,2.347304850479372,Medium Variance,Medium Expression,Medium Variance - Medium Expression
xthA,0.6171755400002799,0.2031818924372866,OxyR,0.1637552803301988,Cold Shock,0.1215003983488893,ppGpp,3,1,0.4112837940000009,6.508036252999999,7.807225224570279,1.9690153709999985,Medium Variance,Medium Expression,Medium Variance - Medium Expression
gapA,0.5831740432116181,0.164201462106623,nquinone ALE 3,0.1118265192119472,Fnr-2,0.0770701251034309,UC-8,4,2,0.4464214225973038,12.62727641,12.351796476376402,2.4608839431985032,Medium Variance,High Expression,Medium Variance - High Expression
yeaD,0.5207558643744399,0.0968605043460159,Fnr-2,0.0877962517563503,Pyrimidine,0.0784122428013311,UC-8,2,1,0.6347542879999999,6.648035218,6.349327248,2.892958966,Medium Variance,Medium Expression,Medium Variance - Medium Expression
yoaG,0.0629118417228388,0.1883305779180065,FDH-N/NRA,0.107990888400543,NO Stress,0.0346725267077208,DNA Damage,3,3,0.6812444659999999,1.995518459,11.52699368,3.735583248405741,Medium Variance,Low Expression,Medium Variance - Low Expression
yeaR,0.6210653625140932,0.1843731351427304,FDH-N/NRA,0.0839147363874512,minicoli KOs,0.0614562302346798,NO Stress,3,4,0.6780190159999999,2.290446549,12.53779608,4.153001862391285,Medium Variance,Low Expression,Medium Variance - Low Expression
sdaA,0.6449056983009933,0.4305866331706114,Lrp,0.1097246938309784,CpxR,0.0727684108540408,Acetate,3,2,0.4983678980000006,5.347245758,6.073925743967061,3.3271614932505607,Medium Variance,Medium Expression,Medium Variance - Medium Expression
mntP,0.1684630048780065,0.1737126770238072,Fur-2,0.0972642750866311,NtrC-1,0.0796837424565704,Glycolate,2,2,0.563839062,2.249212785,5.783462359,3.1396919071983715,Medium Variance,Low Expression,Medium Variance - Low Expression
htpX,0.4926514113924303,0.1418411502506598,PAL 26 Del,0.1404730310088386,RpoH,0.0869804568282061,CpxR,3,2,0.5062878949999998,8.239360329,11.282480588,2.532348808070859,Medium Variance,Medium Expression,Medium Variance - Medium Expression
pphA,0.6412867183850063,0.2949468278619983,UC-8,0.2186449207764004,Cold Shock,0.1227646841997336,RpoS,2,3,0.6286643120000002,3.508213388,9.05745546,3.887101936756508,Medium Variance,Low Expression,Medium Variance - Low Expression
yobB,0.379629823627997,0.1197785026066091,Cold Shock,0.0528463605010099,UC-2,0.042195221409072,Thiamine-1,2,2,0.4033386307391522,5.428978798999999,9.362951859,2.793980844606369,Low Variance,Medium Expression,Low Variance - Medium Expression
flhC,0.6225549810521835,0.4246746412137638,FlhDC-2,0.1667059150550949,Crp-2,0.0832089474263589,Ribose,14,1,1.06277738613466,5.37539705413466,9.763422947389984,5.127799380123321,High Variance,Medium Expression,High Variance - Medium Expression
flhD,0.5960923818427508,0.3978324553316134,FlhDC-2,0.176494328716111,minicoli KOs,0.167056348043141,Crp-2,14,2,1.160736785,5.861602081,10.176006472353867,5.192972195984835,High Variance,Medium Expression,High Variance - Medium Expression
araG,0.5103269650767264,0.231914061793782,FucR/AllR/AraC,0.1632119500773845,Acetate,0.0941456783252466,Sialic Acid,4,2,0.4861871144255041,2.295367127,8.542846115,2.87167018720801,Medium Variance,Low Expression,Medium Variance - Low Expression
tyrP,0.6009121358414676,0.2044060476118372,ppGpp,0.150673223312061,Tyr/Trp/Phe,0.1166174154008414,minicoli KOs,2,3,0.629135788201876,4.3099233980000005,7.596064563,3.196064958781235,Medium Variance,Low Expression,Medium Variance - Low Expression
hiuH,-0.0616355555113747,0.088898104651086,Copper,0.0877624225603842,ppGpp,0.0799016181495098,Crp-2,3,1,0.5862599568596689,4.169962317140331,9.651462357,3.631112595861959,Medium Variance,Low Expression,Medium Variance - Low Expression
msrP,0.6300869028408771,0.4350112558114011,UC-7,0.0747829566833666,RpoS,0.0555684414656413,Crp-1,3,0,0.6885325379999996,4.7683563,8.359470388,3.21238793789816,Medium Variance,Low Expression,Medium Variance - Low Expression
msrQ,0.5837533134278603,0.2937809876624013,UC-7,0.0797216112514432,Translation,0.0687205599487817,Glutarate,3,0,0.5767866280000002,3.961136526,6.941633255,2.7564840428,Medium Variance,Low Expression,Medium Variance - Low Expression
shiA,0.6936811048264471,0.2073553512826053,Fur-1,0.1580209897679629,yjjZ,0.0952542373356116,UC-2,3,1,0.5039339389999995,6.216728121,7.191157898743169,2.717305951143321,Medium Variance,Medium Expression,Medium Variance - Medium Expression
yegH,0.5260609713454459,0.0785636874560937,UC-3,0.0740959832298938,Translation,0.0671822032081812,Cold Shock,2,0,0.4008151250000002,4.987513225,4.878398908544052,1.7167688719647574,Low Variance,Low Expression,Low Variance - Low Expression
alkA,0.6915783937029314,0.2645743444355263,UC-7,0.2605515823280809,minicoli KOs,0.1116655129567754,Translation,3,0,0.4082679789999996,3.998606717,5.916474041,2.449371225910883,Medium Variance,Low Expression,Medium Variance - Low Expression
yegZ,0.544284451925666,0.6096081399127273,EvgA,0.1079872092440983,ppGpp,0.0580897299974519,Glycolate,2,1,0.5807866139999995,2.7382296910000004,8.232172403,3.877643672344392,Medium Variance,Low Expression,Medium Variance - Low Expression
rcnB,0.5210436569240977,0.1094080869086002,Nickel/Cobalt,0.0976495923297776,UC-4,0.0752737067571481,Cold Shock,2,0,0.4418614629999986,7.080728936,7.458830443301265,2.1216536378658084,Medium Variance,Medium Expression,Medium Variance - Medium Expression
yeiB,0.6416917565712255,0.1311824749398018,Fnr-1,0.1204392809030467,Methionine,0.1201435821429104,UC-8,2,1,0.6457644059999996,5.81057099,7.327868872721521,3.5801324142,Medium Variance,Medium Expression,Medium Variance - Medium Expression
narP,0.5737952391699537,0.0998201415362513,Biotin,0.084032817787795,Isc System,0.0821325910738911,Suf System,3,0,0.4452906300000006,5.898491032000001,6.538444740122355,2.589338872600001,Medium Variance,Medium Expression,Medium Variance - Medium Expression
ccmF,0.633631744829412,0.3908604042321878,N Reduction,0.0519795446255622,Nucleotide Stress,0.0499810774214405,Isc System,5,1,0.452242746411736,3.200119514,4.19458611,2.1741739948427727,Medium Variance,Low Expression,Medium Variance - Low Expression
ccmE,0.6062590279465123,0.3442896358361021,N Reduction,0.0794454302469683,Fnr-1,0.0672886553164976,Cold Shock,5,1,0.4415844289999997,4.033657017,7.018409358,2.843928627971677,Medium Variance,Low Expression,Medium Variance - Low Expression
ccmD,-0.209988841688012,0.3757447589775048,N Reduction,0.0828141790171772,Fnr-1,0.0415483787610146,Isc System,5,1,0.4836526409999999,3.281723083,6.2733983460000005,2.797650247688873,Medium Variance,Low Expression,Medium Variance - Low Expression
ccmC,0.6376968855971948,0.5440636512610814,N Reduction,0.1481879332125079,Fnr-1,0.06741334850517,UC-8,5,1,0.5275244090000015,3.841437387,5.484360961714224,2.8573659860168594,Medium Variance,Low Expression,Medium Variance - Low Expression
alkB,0.2228580153721399,0.1104417153203903,NtrC-1,0.0984949084684629,nquinone ALE 3,0.0857723084798393,UC-8,2,0,0.5182834439999997,3.114962597,4.703057326785747,2.2648654096394965,Medium Variance,Low Expression,Medium Variance - Low Expression
ada,0.538053811136574,0.2033299002290524,UC-8,0.1032671709511584,Membrane,0.0951405114215152,nquinone ALE 3,3,0,0.5186877750000005,4.138186754,5.136320223015282,2.3552468174396486,Medium Variance,Low Expression,Medium Variance - Low Expression
ompC,0.4575390836394921,0.1595298086473536,NRZ,0.1285421462920164,Osmoprotectant,0.1129700514960855,Acid Shock RNA,6,0,0.9280849799999996,12.18815787,10.568483706641375,4.2298198712492,Medium Variance,High Expression,Medium Variance - High Expression
yfaE,0.6090743712177259,0.1313661844897351,Thiamine-1,0.1149852456980627,Cold Shock,0.0658125133772499,Tryptophanase,7,0,0.54796055,6.634316419,5.743239506603443,3.5564146425533805,Medium Variance,Medium Expression,Medium Variance - Medium Expression
nuoF,0.6491185557598593,0.5299824959099573,NDH-1,0.1003803429405857,UC-2,0.0795577849330777,UC-3,6,1,0.4501527960000011,8.159852821,7.971077974974866,2.181870065894141,Medium Variance,Medium Expression,Medium Variance - Medium Expression
nuoE,0.5636428557819277,0.39987111182851,NDH-1,0.1026204309827579,ArcA,0.0757254006433405,UC-3,6,0,0.4803640369999993,8.493937284,7.743826469678812,2.343586109064673,Medium Variance,Medium Expression,Medium Variance - Medium Expression
nuoC,0.6930190098084124,0.3928370150081381,NDH-1,0.1181362137477138,yjjZ,0.1008315551066201,ArcA,6,0,0.4651546745792121,8.381176545223685,7.845552577877767,2.357775015063714,Medium Variance,Medium Expression,Medium Variance - Medium Expression
ackA,0.6946201031422365,0.3560424900343301,Fnr-2,0.2337327660321896,Fnr-1,0.1070227735879523,cyoB/ndh/nuoB KO-2,2,0,0.5548360411379107,8.651493854,8.194870324159432,3.0453223658724538,Medium Variance,Medium Expression,Medium Variance - Medium Expression
ubiX,0.5341606030904169,0.3619960845560821,ppGpp,0.252195774410997,Purine,0.1599542734441575,UC-1,2,0,0.4286155581701356,5.519502581829864,5.059342601974293,2.653233073029289,Medium Variance,Medium Expression,Medium Variance - Medium Expression
fabB,0.5400585980387906,0.3318011842362887,BW25113,0.0795458232087998,Glutarate,0.0786363399623161,gcvB,3,1,0.6594247250000009,9.149156237,8.007297143610629,3.652603180379193,Medium Variance,Medium Expression,Medium Variance - Medium Expression
sixA,0.6896116538820367,0.1265221059895718,Cold Shock,0.1228353831193022,ppGpp,0.1220662052255969,Fnr-2,2,0,0.669574405843333,7.962796797843333,8.903091685500002,2.9324725107462517,Medium Variance,Medium Expression,Medium Variance - Medium Expression
emrK,0.6580808455054126,0.4289349997361859,EvgA,0.0637821767823291,Membrane,0.050101860719979,FlhDC-2,2,1,0.406855846,1.561789174,6.063445045,2.2639830082,Medium Variance,Low Expression,Medium Variance - Low Expression
evgS,0.5982096656448597,0.0842357000303379,Osmoprotectant,0.0826035973777361,Membrane,0.0695725365519545,RpoE,4,1,0.968495195,4.142882185,7.025860914047267,4.010977597722524,Medium Variance,Low Expression,Medium Variance - Low Expression
yfdE,0.6752897667457805,0.4957749456648541,EvgA,0.0733589648040391,FlhDC-2,0.0546877541585987,Cold Shock,3,1,0.5047542819999997,1.7629858580000002,6.266655033999999,2.441121311100397,Medium Variance,Low Expression,Medium Variance - Low Expression
glk,0.6719201750386579,0.2476941137356929,UC-2,0.2274268044398907,Cra,0.1190433195266095,UC-3,3,2,0.6277277090000002,6.519052219,6.772751171059826,3.0416461903521403,Medium Variance,Medium Expression,Medium Variance - Medium Expression
yfeK,0.5899767157048448,0.3652829886186141,RpoE,0.0978231352165109,Nucleotide Stress,0.0804300454483428,UC-8,2,1,0.5390853309999999,3.908258192,6.778609551000001,2.871798528222972,Medium Variance,Low Expression,Medium Variance - Low Expression
murQ,0.6461800999594358,0.1828940160354955,Crp-1,0.1442185289356885,IS5,0.1423192131437558,ppGpp,4,0,0.4199332649999996,3.941212145,6.25321016,2.597028116088172,Medium Variance,Low Expression,Medium Variance - Low Expression
eutS,0.3056127953861741,0.1306507109630647,UC-3,0.0956172367425101,Nitrogen,0.0750586676977314,NtrC-1,2,0,0.5696316855775276,1.014174496590735,3.885688023515011,2.6046775258728525,Medium Variance,Low Expression,Medium Variance - Low Expression
hyfH,-0.0210564833447077,0.1437684022781115,UC-7,0.0723943659708209,ppGpp,0.066153353048285,Efflux Pump,2,0,0.4656799299999998,2.046881102,4.0726939631209085,2.457150259594914,Medium Variance,Low Expression,Medium Variance - Low Expression
yfgG,0.5673457218232514,0.2096810264428105,Resistance,0.1087768983038113,Nitrogen,0.06065154427985,Nucleotide Stress,2,3,0.6151624550000001,7.797510011,7.283475114490555,3.0289861042951607,Medium Variance,Medium Expression,Medium Variance - Medium Expression
xseA,0.524591881950507,0.2974495039435018,ppGpp,0.2479931142500872,crp KO-1,0.1674608229684147,Crp-1,2,0,0.4329767360000005,6.552588855,6.198222320738453,2.7799320505999896,Medium Variance,Medium Expression,Medium Variance - Medium Expression
hcaE,0.2410099081503114,0.0967746594589303,Efflux Pump,0.0575077521806649,NtrC-1,0.0566124202782067,GadX,2,0,0.4298012460000002,4.109416153,4.094265980638521,2.1551907294952866,Medium Variance,Low Expression,Medium Variance - Low Expression
yfiR,0.6329608259838646,0.2213314171217857,Cellulose,0.0644623444968172,Dipeptide,0.0577036241930479,GadXW,3,1,0.6116740143913164,4.9240153053913165,5.231486189778248,3.087794563498896,Medium Variance,Low Expression,Medium Variance - Low Expression
alaE,0.5986698618114417,0.2522300674498705,Lrp,0.1188489721818659,Fnr-3,0.0864662006768325,Fnr-2,3,2,1.547383106,2.983972612,13.22627144,7.730629727878946,High Variance,Low Expression,High Variance - Low Expression
emrA,0.6582447878904356,0.082170194033146,Cold Shock,0.0819568313275068,Biotin,0.0787923612220727,Lrp,2,0,0.523539059457212,5.683844566542788,4.490499528999998,2.5027451474000006,Medium Variance,Medium Expression,Medium Variance - Medium Expression
luxS,0.505006836847552,0.1654099001208825,IS1,0.0653423041663593,arcA/luxS KO,0.0520090968863599,NrdR,3,2,0.4703345850000016,9.346739577,11.28237304818167,2.4409710841111405,Medium Variance,Medium Expression,Medium Variance - Medium Expression
norV,0.5501950023223321,0.2323405295228358,Translation,0.1030950989303026,NtrC-1,0.1016913554588329,LPS,3,0,0.4170920470000001,2.733418915,5.885404922348667,2.2353987416,Medium Variance,Low Expression,Medium Variance - Low Expression
hydN,0.4040738023274002,0.3470538852123331,FHL,0.1079303871869514,UC-5,0.0773376167497051,Cold Shock,2,2,0.476082732,2.399757514,6.37631137,2.7263273914,Medium Variance,Low Expression,Medium Variance - Low Expression
hycH,0.6709185497808816,0.3016972948154985,minicoli KOs,0.201804998835941,UC-7,0.1514224021938101,Cold Shock,4,0,0.4981263229999997,3.590199381,6.3525101170000005,2.5665865068,Medium Variance,Low Expression,Medium Variance - Low Expression
hycG,0.5530628400566997,0.2065298577275001,minicoli KOs,0.1020980311469521,UC-2,0.0705185386888214,ymgI,4,0,0.5243185829031765,2.581945812,5.7837313770000005,2.799033090328761,Medium Variance,Low Expression,Medium Variance - Low Expression
hycF,0.4262835671108184,0.1334426555384988,minicoli KOs,0.0489536359374518,Resistance,0.0485970590200649,ppGpp,4,1,0.4172346876440542,1.620832348355946,5.420527807000001,2.360968366599999,Medium Variance,Low Expression,Medium Variance - Low Expression
casE,0.6672712238158465,0.5839919424284703,Cellulose,0.059436013085135,Nucleotide Stress,0.0362107705066376,FliA,6,1,0.4492533860000001,3.841347008,5.560462647770665,2.6256904192,Medium Variance,Low Expression,Medium Variance - Low Expression
casD,0.6165068613278635,0.4581455736938202,Cellulose,0.1064012213314379,Nucleotide Stress,0.0483329368012634,FlhDC-2,6,1,0.4707084939999997,3.4555520110000004,4.818257142792876,2.4100856399999984,Medium Variance,Low Expression,Medium Variance - Low Expression
casB,0.5037049118133491,0.304388991016231,Cellulose,0.1169692582010798,UC-5,0.1002072187853165,Nucleotide Stress,6,0,0.4833761165361609,2.729522213463839,6.279980014534377,2.3273711886,Medium Variance,Low Expression,Medium Variance - Low Expression
casA,0.527875620621576,0.1874100901086607,UC-2,0.1733677564975629,gcvB,0.1438867020518899,Cellulose,7,0,0.4081139021822442,1.772800815,5.156571128866463,1.986667732665927,Medium Variance,Low Expression,Medium Variance - Low Expression
mazG,0.5652080600126477,0.2654225498939789,UC-1,0.0537558603589801,NtrC-2,0.0494728275632821,minicoli KOs,3,0,0.4349940129999998,5.95377209,5.622055273279108,2.038029988021406,Medium Variance,Medium Expression,Medium Variance - Medium Expression
ygeA,0.1993544748124637,0.0653793021942674,Leucine,0.0636769353663743,Ribose,0.0441118759630273,Nucleotide Stress,3,0,0.4002490349999998,5.786263982,5.795992806498156,2.3111728530000004,Low Variance,Medium Expression,Low Variance - Medium Expression
argO,0.5947095977948424,0.3362427898442143,minicoli KOs,0.1460254597917852,ppGpp,0.1140316598236071,UC-7,4,0,0.4526272360000005,4.851439245,8.497470134,2.479028532027458,Medium Variance,Low Expression,Medium Variance - Low Expression
speB,0.1394651427680281,0.2060653694000664,Nucleotide Stress,0.0703651993175331,Fimbriae,0.0599695328862854,UC-5,2,0,0.4190751829999994,6.49737863,6.828500362567078,2.1094394010000013,Medium Variance,Medium Expression,Medium Variance - Medium Expression
yghS,0.397638934879468,0.0888708451747704,DNA Damage,0.0879015917879513,NrdR,0.0627051238680656,Efflux Pump,2,0,0.4407089049999999,1.597555264,3.842376109,2.1695496987274043,Medium Variance,Low Expression,Medium Variance - Low Expression
yqhD,0.5282460891596241,0.1465460203681655,tpiA KO,0.1360441287517509,ppGpp,0.1247793992673372,FucR/ExuR,3,3,0.7431564929999999,6.034422436,9.519345595,4.140789947707642,Medium Variance,Medium Expression,Medium Variance - Medium Expression
qseB,0.5697359196136319,0.2685974807800542,minicoli KOs,0.1816939518517918,FlhDC-1,0.1453632112029392,UC-7,3,1,0.5465873209176233,3.766676289,6.604419069,3.0258372628671544,Medium Variance,Low Expression,Medium Variance - Low Expression
ygiM,0.6513032318080842,0.523456952590099,RpoE,0.1000934757659883,ppGpp,0.0872750365941452,pts ALE,2,2,0.6658843791410725,6.626160093999999,6.97814741126038,3.371698586964844,Medium Variance,Medium Expression,Medium Variance - Medium Expression
rpsU,0.6513147346372918,0.5862836413958246,ppGpp,0.0756538449858865,Translation,0.0750790065672198,UC-2,2,1,0.6881314931561207,11.43936027,11.2655350305,3.5091519123999984,Medium Variance,High Expression,Medium Variance - High Expression
higA,0.5928831080244618,0.3566792708982306,minicoli KOs,0.1120716748469151,UC-7,0.0522972856327526,pts ALE,3,0,0.4344656709999999,4.250582312,6.085595272000001,2.798142129956777,Medium Variance,Low Expression,Medium Variance - Low Expression
higB,0.3354863072128335,0.4545098723257906,minicoli KOs,0.1721930056109283,PAL 10 Del,0.0648005207144122,Biofilm,3,0,0.4642102820000002,3.939845501,6.915339029,2.4743213268000006,Medium Variance,Low Expression,Medium Variance - Low Expression
kbaZ,0.6418452915671009,0.5050409922250299,UC-3,0.208316117274531,Tryptophanase,0.1040184816532848,IS5,3,1,0.476237515,1.414869919,5.424471405,2.980034208157025,Medium Variance,Low Expression,Medium Variance - Low Expression
agaV,0.6543316106538779,0.399785189156143,UC-3,0.120964113022949,Acetate,0.11158361588024,Tryptophanase,3,1,0.4644500930000002,2.312216278,6.311997347999999,3.353274244739364,Medium Variance,Low Expression,Medium Variance - Low Expression
agaW,0.407954289316251,0.2012509181979278,UC-3,0.194687125500214,Tryptophanase,0.1038446577649203,Nucleotide Stress,3,0,0.5101701590000001,2.205823999,5.984345377,2.848340462473231,Medium Variance,Low Expression,Medium Variance - Low Expression
agaA,0.3465010900770572,0.1634396485427623,UC-3,0.1544793453396024,Translation,0.0780274479866293,UC-8,3,0,0.5309643439999996,2.4484777280000003,6.036578562000001,2.659939033441394,Medium Variance,Low Expression,Medium Variance - Low Expression
agaB,0.1512168250360575,0.0572600690441796,Cellulose,0.0541164740372804,malE OE,0.0540798665513914,yqhI,2,0,0.4530974344667977,1.5076699366716608,4.248381693441806,2.1201678913562456,Medium Variance,Low Expression,Medium Variance - Low Expression
mtr,0.455621362242366,0.216748354653458,Tryptophan,0.0771257183469429,Fnr-2,0.0722580983746501,Sialic Acid,4,1,0.44907914674162,4.724635887,8.718114527078022,3.4414832377999995,Medium Variance,Low Expression,Medium Variance - Low Expression
secG,0.5230971725122848,0.3048639490420906,ppGpp,0.1034156986511233,NtrC-1,0.0941127268641259,UC-2,2,1,0.7865328267450717,10.49383127,9.260798477332898,3.5062274963999998,Medium Variance,High Expression,Medium Variance - High Expression
greA,0.3703283880854122,0.4854091656712415,Nucleotide Stress,0.100427492547699,Cellulose,0.0916435296514084,GadXW,2,1,0.4787362571224296,7.820943862000001,9.017876708,2.1633418340069097,Medium Variance,Medium Expression,Medium Variance - Medium Expression
rpmA,0.6279224704219857,0.4363037617855348,ppGpp,0.3041312195758828,Translation,0.201502354502909,nquinone ALE 3,2,2,0.5056431499999992,11.26694898,11.874392884595652,2.5995136736398763,Medium Variance,High Expression,Medium Variance - High Expression
mdh,0.5830584294282536,0.1936818320332101,ArcA,0.0954487468546747,UC-3,0.0692114651092153,NDH-1,4,0,0.5453441878879062,10.67650738,9.29615794875,3.579330669999999,Medium Variance,High Expression,Medium Variance - High Expression
accB,0.5165429949788396,0.4453696687539531,ppGpp,0.1422390135804082,Fnr-1,0.1104031975039097,Fnr-2,2,0,0.4092945398566598,9.31023740114334,8.2775583855,2.5265995544,Medium Variance,Medium Expression,Medium Variance - Medium Expression
rpmC,0.5855489833348642,0.3290242674440798,Translation,0.0692345327696125,Cytochrome c,0.0572014231773798,Glycolate,2,1,0.5299879923852426,11.528737928575143,11.46293011609852,2.699755066853399,Medium Variance,High Expression,Medium Variance - High Expression
rplP,0.6564836189723968,0.368179507289227,Translation,0.075734262939587,UC-8,0.0583722441529288,Glycolate,2,1,0.4128403400000007,11.70037286,10.93933590055492,2.7151243947070807,Medium Variance,High Expression,Medium Variance - High Expression
rplW,0.6876984436453948,0.6480950847918132,Translation,0.0601647422448805,Purine,0.0314662635871582,UC-8,2,1,0.4189962600000001,11.83272252,11.17196811,2.3316848619999995,Medium Variance,High Expression,Medium Variance - High Expression
gspI,-0.0694596373934299,0.0666418393010878,Thiamine-2,0.0646296984866535,DhaR,0.0604239933016611,UC-2,4,0,0.4286584596732929,1.098003309662672,3.660334609584141,2.2720716952259554,Medium Variance,Low Expression,Medium Variance - Low Expression
pabA,0.6406478173626885,0.3473702997175026,UC-8,0.2010973948527074,UC-2,0.0799589882062239,Suf System,2,1,0.4352508869999996,4.760790783,6.377264590590978,2.3924792369999985,Medium Variance,Low Expression,Medium Variance - Low Expression
frlB,0.4941549166628898,0.1001332940696732,Thr/Ser-1,0.0975516784640753,Translation,0.0792059379703384,Maltose,2,0,0.427143885,2.12990057,5.198379252,2.4375533327999968,Medium Variance,Low Expression,Medium Variance - Low Expression
feoC,0.554240390958213,0.1763317761974353,ArcA,0.0932096748704401,Fnr-1,0.0534284393637988,Leu/Val/Ile,3,2,0.7277523569999991,6.002031947000001,9.607021166,4.644472994855901,Medium Variance,Medium Expression,Medium Variance - Medium Expression
gntT,0.5331967926709467,0.1551224630306258,Gluconate,0.089983568922345,pgi KO,0.0438986481935245,Membrane,3,1,0.4983170349999986,4.288061546000002,6.44411115025,2.271665884399998,Medium Variance,Low Expression,Medium Variance - Low Expression
malT,0.6870353547878072,0.4655591065584595,UC-3,0.2539521557877775,Crp-1,0.2192605585109814,Maltose,3,3,0.6165436479999995,7.009289834,8.400740568492239,4.249619999349968,Medium Variance,Medium Expression,Medium Variance - Medium Expression
glgA,0.6567417800597086,0.1089332510867111,Translation,0.1081067558569024,UC-8,0.1065580045961217,NrdR,3,1,0.5258422493387132,7.768689507,7.428600678973724,2.4544708246000004,Medium Variance,Medium Expression,Medium Variance - Medium Expression
glgC,0.6608741539711178,0.1175979424972391,Leucine,0.1144474732092113,Translation,0.1006401021077944,NrdR,3,1,0.4728393190718787,8.056746254,7.81044347225,2.5194152897999995,Medium Variance,Medium Expression,Medium Variance - Medium Expression
gntK,0.5890129081917928,0.2131870737299884,Gluconate,0.0685573719241416,UC-5,0.0671128377693569,ArcA,3,1,0.445055364272751,3.624311005727249,7.621371837,2.5132965916678365,Medium Variance,Low Expression,Medium Variance - Low Expression
nikR,0.5197467342682396,0.1840168142900987,Cold Shock,0.0807049736706558,LPS,0.0790293462804162,UC-8,2,0,0.4903897219240267,5.516756207,5.79277057,3.0474157227999994,Medium Variance,Medium Expression,Medium Variance - Medium Expression
arsR,0.4467060188212366,0.3937963278865051,ROS TALE Del-1,0.14083153126569,Cold Shock,0.0850766044827955,e14 Del,2,0,0.433612509,3.204440734,4.705743664,2.3276962017103555,Medium Variance,Low Expression,Medium Variance - Low Expression
plaR,0.6812696940409839,0.3366294948767998,minicoli KOs,0.1330333511907753,Glutamine,0.0867550189475376,Thiamine-2,4,2,0.5214144508553149,5.659254562999999,7.526827273999999,2.6565450740000003,Medium Variance,Medium Expression,Medium Variance - Medium Expression
yiaL,0.5597165701972617,0.6225472400858527,PlaR,0.1152368915369862,Tryptophanase,0.1074069048469643,Curli-2,5,1,0.448293803,0.7844744309999999,9.228007253,2.388027306545872,Medium Variance,Low Expression,Medium Variance - Low Expression
sgbH,0.6541844553881663,0.357801181880831,PlaR,0.1698957148018419,Glycolate,0.1027504449368694,DNA Damage,5,1,0.4146975816676808,1.4688862522726207,7.359053196,2.3922302951457173,Medium Variance,Low Expression,Medium Variance - Low Expression
sgbU,0.5594779571750083,0.279006684254886,PlaR,0.1261602373584082,Cold Shock,0.0914801539741715,Nucleotide Stress,5,1,0.4055300779999999,1.791692812,7.681468764,2.2933345818,Medium Variance,Low Expression,Medium Variance - Low Expression
sgbE,0.5461581717839088,0.1319606648364282,UC-7,0.1033106855836679,PlaR,0.0763370676873828,Cold Shock,5,1,0.4872272999999998,2.642031332,7.257854407999999,2.824092768199998,Medium Variance,Low Expression,Medium Variance - Low Expression
mtlA,0.5734737917220208,0.2551206288729341,UC-3,0.0913881053590727,Tryptophanase,0.0905137725962285,Acetate,3,3,0.5793385860000004,6.087592739,10.025936366639458,3.074090167759752,Medium Variance,Medium Expression,Medium Variance - Medium Expression
mtlD,0.4741708674613543,0.2184310990717629,Cold Shock,0.1012981222020381,LPS,0.090886891622758,ppGpp,3,3,0.4594614520000002,6.85451139,10.007053135499998,2.643115922,Medium Variance,Medium Expression,Medium Variance - Medium Expression
mtlR,0.3833664849695625,0.1648493934974126,Cold Shock,0.1516366941904722,pts KO,0.074806755348262,LPS,3,3,0.4065114433241028,5.993985713902304,9.197270831988934,2.1226974926000004,Medium Variance,Medium Expression,Medium Variance - Medium Expression
lldR,0.6558186015614765,0.385621023329381,ArcA,0.1793667012642721,UC-3,0.0739617582392506,Glyoxylate,3,1,0.7833203409999996,4.265683173,7.834176440999999,4.034205188892531,Medium Variance,Low Expression,Medium Variance - Low Expression
lldD,0.5177240953550603,0.2815238855732928,ArcA,0.1281985780465316,Glyoxylate,0.0619654039213994,UC-3,3,1,0.7209065670000006,4.714541301000001,7.113113603,3.3933766050906917,Medium Variance,Low Expression,Medium Variance - Low Expression
waaL,0.6147558957891464,0.4003752761898184,LPS,0.0722816963117379,gcvB,0.0549972013942134,UC-7,3,1,0.8366763980000007,5.554878119,8.466801246289995,4.314322494400001,Medium Variance,Medium Expression,Medium Variance - Medium Expression
waaA,0.5933031874711274,0.5031638997333102,ppGpp,0.0849472494942945,UC-1,0.0753829821025793,PAL Amp,2,1,0.4525110120000004,5.719899224,6.02045616125,2.252646154399998,Medium Variance,Medium Expression,Medium Variance - Medium Expression
recF,0.6505270567099893,0.1823264522801639,ppGpp,0.1319931738078881,Cold Shock,0.1267388083420569,Cellulose,5,0,0.52116863,5.461125485,5.2428468210000005,2.684980982909254,Medium Variance,Medium Expression,Medium Variance - Medium Expression
bglG,0.4117388365220855,0.215205464243948,Acetate,0.1788221316891689,Crp-1,0.0590881993807391,crp KO-1,5,1,0.4513042429999999,1.118829764,3.997024185,2.260137780400984,Medium Variance,Low Expression,Medium Variance - Low Expression
glmS,0.5876676884933318,0.1619929063240729,Cold Shock,0.1410331615014309,GlcNAc,0.0714882633536904,ppGpp,2,1,0.4603669580000016,8.496646378,7.760584630085708,2.4553833635155886,Medium Variance,Medium Expression,Medium Variance - Medium Expression
atpI,0.4987161939260716,0.2206926438445452,ppGpp,0.0974618919318942,crp KO-1,0.0737820916466774,UC-6,2,0,0.4897011990426243,9.021871311957376,8.068559977736772,2.8544243200105823,Medium Variance,Medium Expression,Medium Variance - Medium Expression
mioC,0.5834202543903032,0.282935081868493,ppGpp,0.0978729321166504,Microaerobic,0.0573344556374333,Fnr-3,3,0,0.4158392820000003,8.453941122,8.2757129225,2.570218595600002,Medium Variance,Medium Expression,Medium Variance - Medium Expression
ilvY,0.5868034305734329,0.5142144824744095,UC-2,0.0620281552707477,Osmoprotectant,0.0608984728263988,Thiamine-1,3,1,0.4320690559999995,4.247679675,4.401557970563765,2.1609222766653167,Medium Variance,Low Expression,Medium Variance - Low Expression
trxA,0.6658823197411836,0.0937982595390047,Tryptophanase,0.0883523465482291,NRZ,0.0874310608553983,Fatty Acid,2,0,0.4096798600000007,10.81103546,10.710676526154693,2.2563748621288795,Medium Variance,High Expression,Medium Variance - High Expression
uspD,0.6879353248513373,0.4362319900705823,Cellulose,0.0892403031739519,Glutarate,0.0598342513401816,Nucleotide Stress,2,1,0.7943271326371413,7.408850060362859,8.268576107000001,4.679765235291381,Medium Variance,Medium Expression,Medium Variance - Medium Expression
glpX,0.5684063453884556,0.2556069553908867,Glycerol,0.1477591345357709,Fnr-2,0.0990110091819242,Fnr-1,2,1,0.4287574089999992,5.406778452999999,7.229911264192768,2.6809520727182665,Medium Variance,Medium Expression,Medium Variance - Medium Expression
zraR,0.463243145708289,0.3845998473408101,UC-2,0.1066273977033568,Purine,0.1016918337032047,Zinc-2,2,1,0.5300702890000002,3.353530287,6.640173183,2.581111473256722,Medium Variance,Low Expression,Medium Variance - Low Expression
iclR,0.6744350407965316,0.1166236748712963,minicoli KOs,0.0917382934292192,Nucleotide Stress,0.091528364355876,Cold Shock,3,0,0.4790526129999994,6.719119275,7.5629506003936,2.342742261399999,Medium Variance,Medium Expression,Medium Variance - Medium Expression
yjbE,0.6436165620598395,0.463593186889548,Capsule,0.1178013602255576,UC-4,0.0998723802526383,UC-7,2,4,0.8439886515709949,4.824086565,16.36559734,6.223610782141484,Medium Variance,Low Expression,Medium Variance - Low Expression
pspG,0.5041031430683979,0.4180609758770247,Phage Shock,0.0746181772351556,ROS TALE Del-1,0.070610827619281,Zinc-2,2,2,0.4349124289999997,3.84269456,11.22556633,2.798365035999996,Medium Variance,Low Expression,Medium Variance - Low Expression
tyrB,0.6717003999873956,0.2066724562005518,Tyr/Trp/Phe,0.1029324054069465,UC-8,0.0753917567745837,Cold Shock,2,1,0.4124396290291603,7.878518088177852,6.951847604336429,2.668947362930856,Medium Variance,Medium Expression,Medium Variance - Medium Expression
soxR,0.4799574425868648,0.0965120010703879,Zinc-1,0.0878853525895357,Translation,0.0829507012956951,RpoH,3,1,0.528005297,3.870823171,8.58104617,3.6009803147079507,Medium Variance,Low Expression,Medium Variance - Low Expression
nrfF,0.0826322937235624,0.0818051986800707,Cytochrome c,0.0763967281325443,Fnr-2,0.0701141923884366,ArcA,7,0,0.4103336939999999,1.835167523,6.298303419,2.26949161286852,Medium Variance,Low Expression,Medium Variance - Low Expression
rpiB,0.5250066149934172,0.182623744669518,UC-1,0.16435656919135,ppGpp,0.1018878252577119,Crp-1,2,1,0.5711939187011672,3.585858965,8.451864791,3.2276286697999987,Medium Variance,Low Expression,Medium Variance - Low Expression
phnP,0.6225535649084963,0.1648803702561305,RpoS,0.1381283761740249,minicoli KOs,0.1088915894131139,UC-7,2,0,0.616578691,3.80815325,6.208885382,3.240831374278142,Medium Variance,Low Expression,Medium Variance - Low Expression
phnO,0.6869022431222453,0.2050862032020072,RpoS,0.1890558158278753,UC-7,0.1050846336968889,minicoli KOs,2,0,0.6440950328294983,4.325084720296148,6.665347571,3.632719112167511,Medium Variance,Low Expression,Medium Variance - Low Expression
phnN,0.6371974153237497,0.2219891016617486,UC-7,0.1361835021566009,Phosphate-2,0.0935554769835602,Glutarate,2,1,0.743055687,2.374785421,5.256708262,3.1990186676892383,Medium Variance,Low Expression,Medium Variance - Low Expression
eptA,0.664893698096669,0.5355174814912259,BasR,0.1586747894730806,RpoS,0.086723026722476,Cold Shock,2,1,0.5204250539999997,2.453353176,6.975102083,2.7741089073550613,Medium Variance,Low Expression,Medium Variance - Low Expression
adiY,0.6493769357572665,0.1609500953695819,YieP,0.1487991337399216,Cellulose,0.1408845626552178,ArcA,2,3,1.0468071650000002,2.045981199,9.134299122,5.480062794032169,High Variance,Low Expression,High Variance - Low Expression
melB,0.5767401038128863,0.13399990632042,Thiamine-1,0.121909068012292,YgeV,0.1168112694686104,PaaX,3,0,0.4328714859999998,2.816201342,6.647829094,2.976953961561909,Medium Variance,Low Expression,Medium Variance - Low Expression
dcuA,0.6784097459074473,0.1917689690580877,ArcA,0.1737213344437806,Thr/Ser-1,0.1115556149368064,Fnr-1,5,0,0.4001490039127313,7.625555267999999,7.692332507376644,2.6635283512649126,Low Variance,Medium Expression,Low Variance - Medium Expression
yjeM,0.1350173076261808,0.2852572032603925,Lrp,0.0711488815076052,Nucleotide Stress,0.0659163292079868,Glycerol,2,0,0.4300164659999999,2.265214236,4.717781698793231,2.281774035050948,Medium Variance,Low Expression,Medium Variance - Low Expression
ulaB,0.5470590140498098,0.1874222916430449,IS5,0.126698796219705,Maltose,0.1175972693931457,YgeV,3,0,0.4739502679999998,2.393290917,5.09952776,2.9796361414472874,Medium Variance,Low Expression,Medium Variance - Low Expression
rpsF,0.6619002455745091,0.4988676555152588,Translation,0.3733658433090634,ppGpp,0.1136782990694472,UC-2,3,1,0.491480880000001,11.52446834,10.12451949790502,2.772438247901309,Medium Variance,High Expression,Medium Variance - High Expression
priB,0.6977400018615012,0.5529504831212044,Translation,0.3353033954679393,ppGpp,0.0776139870633486,UC-2,2,1,0.4293228590092361,11.282308470990763,9.983880940470558,2.6703589662,Medium Variance,High Expression,Medium Variance - High Expression
rpsR,0.6123244008791897,0.5121283518291414,Translation,0.2559585061987783,ppGpp,0.0865678604877349,UC-2,2,1,0.5443963770725304,11.39031555292747,9.985162231513078,2.8739768756445923,Medium Variance,High Expression,Medium Variance - High Expression
cpdB,0.6234219618477507,0.1927999644524307,Crp-1,0.1609209765017809,Crp-2,0.1175206701051021,Cellulose,3,0,0.5256073541976622,5.4785811120000005,5.249058584,3.070721989287408,Medium Variance,Medium Expression,Medium Variance - Medium Expression
chpS,0.6187324277282592,0.1648643995019671,Crp-1,0.148045767810933,Acetate,0.112108203773146,ppGpp,2,1,0.5701804750000008,4.951314692,7.239231212999999,2.9997667971527453,Medium Variance,Low Expression,Medium Variance - Low Expression
treR,0.5548633659665967,0.2532515902899981,Cold Shock,0.1658035387542585,UC-4,0.0858211190052155,pts ALE,2,2,0.4198210441779126,4.856728569,6.313163543249999,2.3330147004,Medium Variance,Low Expression,Medium Variance - Low Expression
pyrL,0.3868425010726553,0.1030766788773739,Resistance,0.0856969762475167,Rhamnose,0.0836781658068148,Pyrimidine,2,3,0.9698618630000002,5.296540493,10.290565116818636,5.3108348618,Medium Variance,Medium Expression,Medium Variance - Medium Expression
idnO,0.6486422864388934,0.3744603400897595,Gluconate,0.1728751650671062,Crp-2,0.0801166032390912,UC-3,2,1,0.754864134,2.557389117,10.80223085,3.161409633,Medium Variance,Low Expression,Medium Variance - Low Expression
idnK,0.6396302036899498,0.355782865777463,Gluconate,0.088204514498998,crp KO-1,0.0798422787904852,UC-3,4,1,0.6283377029999999,2.451310361,9.001324485,3.192548026618818,Medium Variance,Low Expression,Medium Variance - Low Expression
fecD,0.68838288681137,0.6372871135269018,Ferric Citrate,0.0738775583161091,Fur-2,0.0569833451251076,Fur-1,2,2,0.4874170580000001,2.580312516,6.34917916,2.9768136418,Medium Variance,Low Expression,Medium Variance - Low Expression
yjhI,0.5704942066056544,0.2742729432524869,Crp-1,0.1855948240282625,baeR KO,0.1252586383042966,FucR/ExuR,2,1,0.570885032603416,1.5912481555030713,6.3750714844818575,4.312450598253789,Medium Variance,Low Expression,Medium Variance - Low Expression
sgcE,0.4529631976407549,0.2773458987506989,baeR KO,0.1506910349760223,UC-7,0.0830573959829914,NrdR,2,1,0.5259315289999997,3.121139033,7.247672084470007,3.477463716151452,Medium Variance,Low Expression,Medium Variance - Low Expression
sgcA,0.5132336482700972,0.3433392136607327,baeR KO,0.1138866524638072,UC-7,0.1090249477589264,Translation,2,1,0.5271514439553404,3.70136216604466,8.357317759711998,3.6440562149281135,Medium Variance,Low Expression,Medium Variance - Low Expression
sgcC,0.3002463013633252,0.275270030142632,baeR KO,0.1131238994182495,Translation,0.0643815445194678,Propionate,3,1,0.4311932719999998,2.395556973,7.871937944095026,3.4764010066490565,Medium Variance,Low Expression,Medium Variance - Low Expression
sgcX,0.5388458597551066,0.2727346594114344,Crp-1,0.2347437997009346,baeR KO,0.0643893347741501,Glutamine,2,2,0.5790485640000003,2.220471578,8.72006271000993,4.690207572667439,Medium Variance,Low Expression,Medium Variance - Low Expression
fimE,0.5418080726199639,0.1969823338168003,baeR KO,0.1615178431180443,Cellulose,0.0935816383922497,minicoli KOs,3,2,0.7478701255391322,3.085651685103741,6.811284725,3.6170534512,Medium Variance,Low Expression,Medium Variance - Low Expression
gntP,0.6526135801246311,0.2408583425758903,IS5,0.2265777518784164,Crp-1,0.2056441588863252,Crp-2,2,0,0.6343609750000001,2.337617137,5.994329491,3.501526338,Medium Variance,Low Expression,Medium Variance - Low Expression
uxuB,0.6881495810701166,0.2347473670141002,FucR/ExuR,0.1799760628751827,Sialic Acid,0.1781629994227873,minicoli KOs,2,0,0.5501574479999998,3.914935832,7.605764057000001,3.2347159204624045,Medium Variance,Low Expression,Medium Variance - Low Expression
iraD,0.6479467477930518,0.2598730959987761,UC-7,0.1400559403509337,Membrane,0.1233032005976378,Fnr-2,3,4,0.7446358370000001,3.749002262,11.17492146,4.2852032916,Medium Variance,Low Expression,Medium Variance - Low Expression
bglJ,0.5714296226826476,0.3211265441333881,SSW SNPs,0.1449937936229152,Cellulose,0.0515087649164585,Curli-2,3,2,0.4670716480000001,1.826901212,7.087716069,2.1640968271993226,Medium Variance,Low Expression,Medium Variance - Low Expression
rob,0.5291591815087289,0.2607190271637695,SoxS,0.1415937162000736,Cellulose,0.0724359733427437,ppGpp,4,1,0.4009977429999987,7.990258755,7.941542121085676,2.2522135565752786,Low Variance,Medium Expression,Low Variance - Medium Expression
araH,0.6070577536051138,0.3830087272335778,UC-7,0.159876302501934,FucR/AllR/AraC,0.1174966595659882,Translation,4,1,0.4037984258213347,3.073459323,8.339453492,2.650781695905448,Low Variance,Low Expression,Low Variance - Low Expression
dgoA,0.350439250861743,0.1260310745003203,Galactose,0.1108110078055737,Crp-1,0.0942496168320083,gcvB,2,0,0.4346322196804519,2.180758110680452,6.007734137999999,2.636896052713783,Medium Variance,Low Expression,Medium Variance - Low Expression
sgcB,0.3648757283754728,0.1972334527371291,baeR KO,0.081769862364573,Crp-2,0.0751741247383743,Maltose,2,1,0.6508264049999999,1.934519993,9.804849627105597,5.9531154514138,Medium Variance,Low Expression,Medium Variance - Low Expression
yciZ,0.4471349231480982,0.1125918757754989,Resistance,0.0976111953138501,Leu/Val/Ile,0.0510499879527597,Fnr-3,2,0,0.621194819252521,7.141887352107491,6.889156199242239,2.938093004941609,Medium Variance,Medium Expression,Medium Variance - Medium Expression
ytiD,0.5520926631316494,0.2469473491345264,Cysteine-1,0.1121126635529237,LPS,0.0957507535183537,ytiC,3,6,1.1175317980503363,2.83589947,9.141993753,5.420978481599999,High Variance,Low Expression,High Variance - Low Expression
rseD,0.6052394002010697,0.2366399754930609,Resistance,0.0993253378917951,UC-8,0.0925839559563341,IS Elements-1,8,1,0.458623524,7.536529406,7.540760367083585,2.5429029707999984,Medium Variance,Medium Expression,Medium Variance - Medium Expression
